순위,제목,링크주소
1,새해첫책은,https://event.kyobobook.co.kr/detail/243100
2,새창보기 아이콘새창보기,https://product.kyobobook.co.kr/detail/S000218732105
3,흔한남매 21,https://product.kyobobook.co.kr/detail/S000218732105
4,괴테는 모든 것을 말했다,https://product.kyobobook.co.kr/detail/S000218438100
5,안녕이라 그랬어,https://product.kyobobook.co.kr/detail/S000216796615
6,트렌드 코리아 2026,https://product.kyobobook.co.kr/detail/S000217467412
7,최소한의 삼국지,https://product.kyobobook.co.kr/detail/S000218576850
8,자몽살구클럽,https://product.kyobobook.co.kr/detail/S000217089705
9,혼모노,https://product.kyobobook.co.kr/detail/S000216111714
10,진보를 위한 주식투자,https://product.kyobobook.co.kr/detail/S000218751567
11,손자병법,https://product.kyobobook.co.kr/detail/S000217919065
12,위버멘쉬,https://product.kyobobook.co.kr/detail/S000215877577
13,박곰희 연금 부자 수업,https://product.kyobobook.co.kr/detail/S000216900602
14,자본주의 시대에서 살아남기 위한 최소한의 경제 공부,https://product.kyobobook.co.kr/detail/S000218687476
15,다크 심리학,https://product.kyobobook.co.kr/detail/S000217115740
16,어른의 품위,https://product.kyobobook.co.kr/detail/S000217602005
17,"오늘 밤, 세계에서 이 사랑이 사라진다 해도",https://product.kyobobook.co.kr/detail/S000001947482
18,해커스 토익 기출 VOCA(보카),https://product.kyobobook.co.kr/detail/S000001020219
